{
    "default_width": 1280,
    "default_height": 926,
    "space_h": 0,
    "space_v": 0,
    "flags": 6,
    "overlay_width": 1280,
    "overlay_height": 926,
    "elements": [
        {
            "type": 0,
            "pos": [
                0,
                0
            ],
            "id": "texture0",
            "z_level": "0",
            "mapping": [
                1,
                1,
                1280,
                926
            ]
        },
        {
            "type": 0,
            "pos": [
                704,
                282
            ],
            "id": "home",
            "z_level": "0",
            "mapping": [
                591,
                975,
                50,
                55
            ]
        },
        {
            "type": 0,
            "pos": [
                522,
                282
            ],
            "id": "capture",
            "z_level": "0",
            "mapping": [
                655,
                975,
                54,
                58
            ]
        },
        {
            "type": 2,
            "pos": [
                1026,
                254
            ],
            "id": "a",
            "z_level": "1",
            "mapping": [
                214,
                970,
                92,
                102
            ],
            "code": 1
        },
        {
            "type": 2,
            "pos": [
                935,
                335
            ],
            "id": "b",
            "z_level": "1",
            "mapping": [
                320,
                970,
                92,
                102
            ],
            "code": 0
        },
        {
            "type": 2,
            "pos": [
                840,
                254
            ],
            "id": "y",
            "z_level": "1",
            "mapping": [
                6,
                970,
                92,
                102
            ],
            "code": 2
        },
        {
            "type": 2,
            "pos": [
                935,
                165
            ],
            "id": "x",
            "z_level": "1",
            "mapping": [
                108,
                970,
                92,
                102
            ],
            "code": 3
        },
        {
            "type": 5,
            "pos": [
                219,
                235
            ],
            "id": "left-stick",
            "z_level": "1",
            "mapping": [
                620,
                1115,
                140,
                141
            ],
            "stick_radius": 36,
            "side": 0
        },
        {
            "type": 5,
            "pos": [
                735,
                410
            ],
            "id": "right-stick",
            "z_level": 1,
            "mapping": [
                620,
                1115,
                140,
                141
            ],
            "stick_radius": 36,
            "side": 1
        },
        {
            "type": 2,
            "pos": [
                365,
                462
            ],
            "id": "dpad-left",
            "z_level": "1",
            "mapping": [
                430,
                992,
                28,
                28
            ],
            "code": 13
        },
        {
            "type": 2,
            "pos": [
                492,
                462
            ],
            "id": "dpad-right",
            "z_level": "1",
            "mapping": [
                430,
                992,
                28,
                28
            ],
            "code": 14
        },
        {
            "type": 2,
            "pos": [
                429,
                400
            ],
            "id": "dpad-up",
            "z_level": "1",
            "mapping": [
                430,
                992,
                28,
                28
            ],
            "code": 11
        },
        {
            "type": 2,
            "pos": [
                429,
                523
            ],
            "id": "dpad-down",
            "z_level": "1",
            "mapping": [
                430,
                992,
                28,
                28
            ],
            "code": 12
        },
        {
            "type": 2,
            "pos": [
                142,
                56
            ],
            "id": "trigger-L",
            "z_level": "1",
            "mapping": [
                1,
                1192,
                300,
                102
            ],
            "code": 9
        },
        {
            "type": 2,
            "pos": [
                838,
                56
            ],
            "id": "trigger-R",
            "z_level": "1",
            "mapping": [
                301,
                1192,
                300,
                102
            ],
            "code": 10
        },
        {
            "type": 6,
            "pos": [
                155,
                67
            ],
            "id": "trigger-ZL",
            "z_level": "1",
            "mapping": [
                801,
                1157,
                83,
                62
            ],
            "direction": 1,
            "side": 0,
            "trigger_mode": false
        },
        {
            "type": 6,
            "pos": [
                1042,
                67
            ],
            "id": "trigger-ZR",
            "z_level": "1",
            "mapping": [
                885,
                1157,
                83,
                62
            ],
            "direction": 1,
            "side": 1,
            "trigger_mode": false
        },
        {
            "type": 2,
            "pos": [
                458,
                187
            ],
            "id": "minus",
            "z_level": "1",
            "mapping": [
                484,
                975,
                52,
                55
            ],
            "code": 4
        },
        {
            "type": 2,
            "pos": [
                775,
                187
            ],
            "id": "plus",
            "z_level": "1",
            "mapping": [
                537,
                975,
                52,
                55
            ],
            "code": 6
        }
    ]
}