{
    "default_width": 65,
    "default_height": 65,
    "space_h": 0,
    "space_v": 0,
    "flags": 0,
    "overlay_width": 475,
    "overlay_height": 345,
    "elements": [
        {
            "type": 1,
            "pos": [
                0,
                0
            ],
            "id": "ESC",
            "z_level": 0,
            "mapping": [
                0,
                0,
                65,
                65
            ],
            "code": 1
        },
        {
            "type": 1,
            "pos": [
                69,
                0
            ],
            "id": "1",
            "z_level": "0",
            "mapping": [
                69,
                135,
                65,
                65
            ],
            "code": 2
        },
        {
            "type": 1,
            "pos": [
                138,
                0
            ],
            "id": "2",
            "z_level": "0",
            "mapping": [
                138,
                135,
                65,
                65
            ],
            "code": 3
        },
        {
            "type": 1,
            "pos": [
                206,
                0
            ],
            "id": "3",
            "z_level": "0",
            "mapping": [
                206,
                135,
                65,
                65
            ],
            "code": 4
        },
        {
            "type": 1,
            "pos": [
                273,
                0
            ],
            "id": "4",
            "z_level": "0",
            "mapping": [
                273,
                135,
                65,
                65
            ],
            "code": 5
        },
        {
            "type": 1,
            "pos": [
                342,
                0
            ],
            "id": "5",
            "z_level": "0",
            "mapping": [
                342,
                135,
                65,
                65
            ],
            "code": 6
        },
        {
            "type": 1,
            "pos": [
                410,
                0
            ],
            "id": "6",
            "z_level": "0",
            "mapping": [
                410,
                135,
                65,
                65
            ],
            "code": 7
        },
        {
            "type": 1,
            "pos": [
                0,
                70
            ],
            "id": "TAB",
            "z_level": 0,
            "mapping": [
                1,
                275,
                100,
                65
            ],
            "code": 15
        },
        {
            "type": 1,
            "pos": [
                104,
                70
            ],
            "id": "q",
            "z_level": "0",
            "mapping": [
                104,
                275,
                65,
                65
            ],
            "code": 16
        },
        {
            "type": 1,
            "pos": [
                173,
                70
            ],
            "id": "w",
            "z_level": "0",
            "mapping": [
                173,
                275,
                65,
                65
            ],
            "code": 17
        },
        {
            "type": 1,
            "pos": [
                241,
                70
            ],
            "id": "e",
            "z_level": "0",
            "mapping": [
                241,
                275,
                65,
                65
            ],
            "code": 18
        },
        {
            "type": 1,
            "pos": [
                310,
                70
            ],
            "id": "r",
            "z_level": "0",
            "mapping": [
                310,
                275,
                65,
                65
            ],
            "code": 19
        },
        {
            "type": 1,
            "pos": [
                378,
                70
            ],
            "id": "t",
            "z_level": "0",
            "mapping": [
                378,
                275,
                65,
                65
            ],
            "code": 20
        },
        {
            "type": 1,
            "pos": [
                1,
                140
            ],
            "id": "CAPS",
            "z_level": "0",
            "mapping": [
                1,
                425,
                115,
                65
            ],
            "code": 58
        },
        {
            "type": 1,
            "pos": [
                120,
                140
            ],
            "id": "a",
            "z_level": "0",
            "mapping": [
                120,
                425,
                65,
                65
            ],
            "code": 30
        },
        {
            "type": 1,
            "pos": [
                189,
                140
            ],
            "id": "s",
            "z_level": "0",
            "mapping": [
                189,
                425,
                65,
                65
            ],
            "code": 31
        },
        {
            "type": 1,
            "pos": [
                257,
                140
            ],
            "id": "d",
            "z_level": "0",
            "mapping": [
                257,
                425,
                65,
                65
            ],
            "code": 32
        },
        {
            "type": 1,
            "pos": [
                325,
                140
            ],
            "id": "f",
            "z_level": "0",
            "mapping": [
                325,
                425,
                65,
                65
            ],
            "code": 33
        },
        {
            "type": 1,
            "pos": [
                394,
                140
            ],
            "id": "g",
            "z_level": "0",
            "mapping": [
                394,
                425,
                65,
                65
            ],
            "code": 34
        },
        {
            "type": 1,
            "pos": [
                0,
                210
            ],
            "id": "SHIFT",
            "z_level": "0",
            "mapping": [
                0,
                570,
                149,
                65
            ],
            "code": 42
        },
        {
            "type": 1,
            "pos": [
                153,
                210
            ],
            "id": "z",
            "z_level": "0",
            "mapping": [
                153,
                571,
                65,
                65
            ],
            "code": 44
        },
        {
            "type": 1,
            "pos": [
                222,
                210
            ],
            "id": "x",
            "z_level": "0",
            "mapping": [
                222,
                571,
                65,
                65
            ],
            "code": 45
        },
        {
            "type": 1,
            "pos": [
                290,
                210
            ],
            "id": "c",
            "z_level": "0",
            "mapping": [
                290,
                571,
                65,
                65
            ],
            "code": 46
        },
        {
            "type": 1,
            "pos": [
                358,
                210
            ],
            "id": "v",
            "z_level": "0",
            "mapping": [
                358,
                571,
                65,
                65
            ],
            "code": 47
        },
        {
            "type": 1,
            "pos": [
                1,
                280
            ],
            "id": "CTRL",
            "z_level": "0",
            "mapping": [
                1,
                710,
                97,
                65
            ],
            "code": 29
        },
        {
            "type": 1,
            "pos": [
                102,
                280
            ],
            "id": "WIN",
            "z_level": "0",
            "mapping": [
                102,
                710,
                82,
                65
            ],
            "code": 3675
        },
        {
            "type": 1,
            "pos": [
                188,
                280
            ],
            "id": "LALT",
            "z_level": "0",
            "mapping": [
                188,
                711,
                80,
                65
            ],
            "code": 56
        },
        {
            "type": 1,
            "pos": [
                272,
                280
            ],
            "id": "SPACE",
            "z_level": 0,
            "mapping": [
                1075,
                425,
                130,
                65
            ],
            "code": 57
        }
    ]
}