{
    "default_width": 65,
    "default_height": 65,
    "space_h": 0,
    "space_v": 0,
    "flags": 0,
    "overlay_width": 451,
    "overlay_height": 275,
    "elements": [
        {
            "type": 1,
            "pos": [
                0,
                0
            ],
            "id": "ESC",
            "z_level": 0,
            "mapping": [
                0,
                0,
                65,
                65
            ],
            "code": 1
        },
        {
            "type": 1,
            "pos": [
                0,
                70
            ],
            "id": "TAB",
            "z_level": 0,
            "mapping": [
                1,
                275,
                100,
                65
            ],
            "code": 15
        },
        {
            "type": 1,
            "pos": [
                72,
                0
            ],
            "id": "e",
            "z_level": "0",
            "mapping": [
                241,
                275,
                65,
                65
            ],
            "code": 18
        },
        {
            "type": 1,
            "pos": [
                143,
                0
            ],
            "id": "r",
            "z_level": "0",
            "mapping": [
                310,
                275,
                65,
                65
            ],
            "code": 19
        },
        {
            "type": 1,
            "pos": [
                213,
                0
            ],
            "id": "t",
            "z_level": "0",
            "mapping": [
                378,
                275,
                65,
                65
            ],
            "code": 20
        },
        {
            "type": 1,
            "pos": [
                282,
                0
            ],
            "id": "y",
            "z_level": "0",
            "mapping": [
                447,
                275,
                65,
                65
            ],
            "code": 21
        },
        {
            "type": 1,
            "pos": [
                352,
                0
            ],
            "id": "u",
            "z_level": "0",
            "mapping": [
                514,
                275,
                65,
                65
            ],
            "code": 22
        },
        {
            "type": 1,
            "pos": [
                102,
                70
            ],
            "id": "d",
            "z_level": "0",
            "mapping": [
                257,
                425,
                65,
                65
            ],
            "code": 32
        },
        {
            "type": 1,
            "pos": [
                170,
                70
            ],
            "id": "f",
            "z_level": "0",
            "mapping": [
                325,
                425,
                65,
                65
            ],
            "code": 33
        },
        {
            "type": 1,
            "pos": [
                239,
                70
            ],
            "id": "g",
            "z_level": "0",
            "mapping": [
                394,
                425,
                65,
                65
            ],
            "code": 34
        },
        {
            "type": 1,
            "pos": [
                307,
                70
            ],
            "id": "h",
            "z_level": "0",
            "mapping": [
                462,
                425,
                65,
                65
            ],
            "code": 35
        },
        {
            "type": 1,
            "pos": [
                375,
                70
            ],
            "id": "j",
            "z_level": "0",
            "mapping": [
                530,
                425,
                65,
                65
            ],
            "code": 36
        },
        {
            "type": 1,
            "pos": [
                0,
                210
            ],
            "id": "SHIFT",
            "z_level": "0",
            "mapping": [
                0,
                570,
                149,
                65
            ],
            "code": 42
        },
        {
            "type": 1,
            "pos": [
                99,
                141
            ],
            "id": "x",
            "z_level": "0",
            "mapping": [
                222,
                571,
                65,
                65
            ],
            "code": 45
        },
        {
            "type": 1,
            "pos": [
                167,
                141
            ],
            "id": "c",
            "z_level": "0",
            "mapping": [
                290,
                571,
                65,
                65
            ],
            "code": 46
        },
        {
            "type": 1,
            "pos": [
                235,
                141
            ],
            "id": "v",
            "z_level": "0",
            "mapping": [
                358,
                571,
                65,
                65
            ],
            "code": 47
        },
        {
            "type": 1,
            "pos": [
                304,
                141
            ],
            "id": "b",
            "z_level": "0",
            "mapping": [
                427,
                571,
                65,
                65
            ],
            "code": 48
        },
        {
            "type": 1,
            "pos": [
                372,
                141
            ],
            "id": "n",
            "z_level": "0",
            "mapping": [
                495,
                571,
                65,
                65
            ],
            "code": 49
        },
        {
            "type": 1,
            "pos": [
                0,
                141
            ],
            "id": "CTRL",
            "z_level": "0",
            "mapping": [
                1,
                710,
                97,
                65
            ],
            "code": 29
        },
        {
            "type": 1,
            "pos": [
                151,
                210
            ],
            "id": "LALT",
            "z_level": "0",
            "mapping": [
                188,
                711,
                80,
                65
            ],
            "code": 56
        },
        {
            "type": 1,
            "pos": [
                235,
                210
            ],
            "id": "SPACE",
            "z_level": "0",
            "mapping": [
                1075,
                425,
                130,
                65
            ],
            "code": 57
        },
        {
            "type": 1,
            "pos": [
                371,
                210
            ],
            "id": "RALT",
            "z_level": "0",
            "mapping": [
                665,
                710,
                80,
                65
            ],
            "code": 3640
        }
    ]
}