{
    "default_width": 65,
    "default_height": 65,
    "space_h": 0,
    "space_v": 0,
    "flags": 0,
    "overlay_width": 1244,
    "overlay_height": 425,
    "elements": [
        {
            "type": 1,
            "pos": [
                0,
                0
            ],
            "id": "ESC",
            "z_level": 0,
            "mapping": [
                0,
                0,
                65,
                65
            ],
            "code": 1
        },
        {
            "type": 1,
            "pos": [
                113,
                0
            ],
            "id": "F1",
            "z_level": "0",
            "mapping": [
                113,
                0,
                65,
                65
            ],
            "code": 59
        },
        {
            "type": 1,
            "pos": [
                182,
                0
            ],
            "id": "F2",
            "z_level": "0",
            "mapping": [
                182,
                0,
                65,
                65
            ],
            "code": 60
        },
        {
            "type": 1,
            "pos": [
                250,
                0
            ],
            "id": "F3",
            "z_level": "0",
            "mapping": [
                250,
                0,
                65,
                65
            ],
            "code": 61
        },
        {
            "type": 1,
            "pos": [
                319,
                0
            ],
            "id": "F4",
            "z_level": "0",
            "mapping": [
                319,
                0,
                65,
                65
            ],
            "code": 62
        },
        {
            "type": 1,
            "pos": [
                432,
                0
            ],
            "id": "F5",
            "z_level": "0",
            "mapping": [
                432,
                0,
                65,
                65
            ],
            "code": 63
        },
        {
            "type": 1,
            "pos": [
                500,
                0
            ],
            "id": "F6",
            "z_level": "0",
            "mapping": [
                500,
                0,
                65,
                65
            ],
            "code": 64
        },
        {
            "type": 1,
            "pos": [
                567,
                0
            ],
            "id": "F7",
            "z_level": "0",
            "mapping": [
                567,
                0,
                65,
                65
            ],
            "code": 65
        },
        {
            "type": 1,
            "pos": [
                635,
                0
            ],
            "id": "F8",
            "z_level": "0",
            "mapping": [
                635,
                0,
                65,
                65
            ],
            "code": 66
        },
        {
            "type": 1,
            "pos": [
                748,
                0
            ],
            "id": "F9",
            "z_level": "0",
            "mapping": [
                748,
                0,
                65,
                65
            ],
            "code": 67
        },
        {
            "type": 1,
            "pos": [
                816,
                0
            ],
            "id": "F10",
            "z_level": "0",
            "mapping": [
                816,
                0,
                65,
                65
            ],
            "code": 68
        },
        {
            "type": 1,
            "pos": [
                883,
                0
            ],
            "id": "F11",
            "z_level": "0",
            "mapping": [
                883,
                0,
                65,
                65
            ],
            "code": 87
        },
        {
            "type": 1,
            "pos": [
                950,
                0
            ],
            "id": "F12",
            "z_level": "0",
            "mapping": [
                950,
                0,
                65,
                65
            ],
            "code": 88
        },
        {
            "type": 1,
            "pos": [
                1042,
                0
            ],
            "id": "PRTSC",
            "z_level": "0",
            "mapping": [
                1042,
                0,
                65,
                65
            ],
            "code": 88
        },
        {
            "type": 1,
            "pos": [
                1110,
                0
            ],
            "id": "SCRLK",
            "z_level": "0",
            "mapping": [
                1110,
                0,
                65,
                65
            ],
            "code": 0
        },
        {
            "type": 1,
            "pos": [
                1178,
                0
            ],
            "id": "PAUSE",
            "z_level": "0",
            "mapping": [
                1178,
                0,
                65,
                65
            ],
            "code": 3653
        },
        {
            "type": 1,
            "pos": [
                0,
                80
            ],
            "id": "TILDE",
            "z_level": "0",
            "mapping": [
                0,
                135,
                65,
                65
            ],
            "code": 41
        },
        {
            "type": 1,
            "pos": [
                69,
                80
            ],
            "id": "1",
            "z_level": "0",
            "mapping": [
                69,
                135,
                65,
                65
            ],
            "code": 2
        },
        {
            "type": 1,
            "pos": [
                138,
                80
            ],
            "id": "2",
            "z_level": "0",
            "mapping": [
                138,
                135,
                65,
                65
            ],
            "code": 3
        },
        {
            "type": 1,
            "pos": [
                206,
                80
            ],
            "id": "3",
            "z_level": "0",
            "mapping": [
                206,
                135,
                65,
                65
            ],
            "code": 4
        },
        {
            "type": 1,
            "pos": [
                273,
                80
            ],
            "id": "4",
            "z_level": "0",
            "mapping": [
                273,
                135,
                65,
                65
            ],
            "code": 5
        },
        {
            "type": 1,
            "pos": [
                342,
                80
            ],
            "id": "5",
            "z_level": "0",
            "mapping": [
                342,
                135,
                65,
                65
            ],
            "code": 6
        },
        {
            "type": 1,
            "pos": [
                410,
                80
            ],
            "id": "6",
            "z_level": "0",
            "mapping": [
                410,
                135,
                65,
                65
            ],
            "code": 7
        },
        {
            "type": 1,
            "pos": [
                477,
                80
            ],
            "id": "7",
            "z_level": "0",
            "mapping": [
                477,
                135,
                65,
                65
            ],
            "code": 8
        },
        {
            "type": 1,
            "pos": [
                545,
                80
            ],
            "id": "8",
            "z_level": "0",
            "mapping": [
                545,
                135,
                65,
                65
            ],
            "code": 9
        },
        {
            "type": 1,
            "pos": [
                613,
                80
            ],
            "id": "9",
            "z_level": "0",
            "mapping": [
                613,
                135,
                65,
                65
            ],
            "code": 10
        },
        {
            "type": 1,
            "pos": [
                680,
                80
            ],
            "id": "0",
            "z_level": "0",
            "mapping": [
                680,
                136,
                65,
                65
            ],
            "code": 11
        },
        {
            "type": 1,
            "pos": [
                748,
                80
            ],
            "id": "MINUS",
            "z_level": "0",
            "mapping": [
                748,
                135,
                65,
                65
            ],
            "code": 12
        },
        {
            "type": 1,
            "pos": [
                816,
                80
            ],
            "id": "EQUALS",
            "z_level": "0",
            "mapping": [
                816,
                136,
                65,
                65
            ],
            "code": 13
        },
        {
            "type": 1,
            "pos": [
                884,
                80
            ],
            "id": "BKSPC",
            "z_level": "0",
            "mapping": [
                884,
                135,
                133,
                65
            ],
            "code": 14
        },
        {
            "type": 1,
            "pos": [
                1043,
                80
            ],
            "id": "INS",
            "z_level": "0",
            "mapping": [
                1043,
                135,
                65,
                65
            ],
            "code": 3666
        },
        {
            "type": 1,
            "pos": [
                1111,
                80
            ],
            "id": "HOME",
            "z_level": "0",
            "mapping": [
                1111,
                135,
                65,
                65
            ],
            "code": 3655
        },
        {
            "type": 1,
            "pos": [
                1179,
                80
            ],
            "id": "PGUP",
            "z_level": "0",
            "mapping": [
                1179,
                135,
                65,
                65
            ],
            "code": 3657
        },
        {
            "type": 1,
            "pos": [
                0,
                150
            ],
            "id": "TAB",
            "z_level": 0,
            "mapping": [
                1,
                275,
                100,
                65
            ],
            "code": 15
        },
        {
            "type": 1,
            "pos": [
                104,
                150
            ],
            "id": "q",
            "z_level": "0",
            "mapping": [
                104,
                275,
                65,
                65
            ],
            "code": 16
        },
        {
            "type": 1,
            "pos": [
                173,
                150
            ],
            "id": "w",
            "z_level": "0",
            "mapping": [
                173,
                275,
                65,
                65
            ],
            "code": 17
        },
        {
            "type": 1,
            "pos": [
                241,
                150
            ],
            "id": "e",
            "z_level": "0",
            "mapping": [
                241,
                275,
                65,
                65
            ],
            "code": 18
        },
        {
            "type": 1,
            "pos": [
                310,
                150
            ],
            "id": "r",
            "z_level": "0",
            "mapping": [
                310,
                275,
                65,
                65
            ],
            "code": 19
        },
        {
            "type": 1,
            "pos": [
                378,
                150
            ],
            "id": "t",
            "z_level": "0",
            "mapping": [
                378,
                275,
                65,
                65
            ],
            "code": 20
        },
        {
            "type": 1,
            "pos": [
                447,
                150
            ],
            "id": "y",
            "z_level": "0",
            "mapping": [
                447,
                275,
                65,
                65
            ],
            "code": 21
        },
        {
            "type": 1,
            "pos": [
                514,
                150
            ],
            "id": "u",
            "z_level": "0",
            "mapping": [
                514,
                275,
                65,
                65
            ],
            "code": 22
        },
        {
            "type": 1,
            "pos": [
                582,
                150
            ],
            "id": "i",
            "z_level": "0",
            "mapping": [
                582,
                275,
                65,
                65
            ],
            "code": 23
        },
        {
            "type": 1,
            "pos": [
                650,
                150
            ],
            "id": "o",
            "z_level": "0",
            "mapping": [
                650,
                275,
                65,
                65
            ],
            "code": 24
        },
        {
            "type": 1,
            "pos": [
                718,
                150
            ],
            "id": "p",
            "z_level": "0",
            "mapping": [
                718,
                275,
                65,
                65
            ],
            "code": 25
        },
        {
            "type": 1,
            "pos": [
                785,
                150
            ],
            "id": "LBRAC",
            "z_level": "0",
            "mapping": [
                785,
                275,
                65,
                65
            ],
            "code": 26
        },
        {
            "type": 1,
            "pos": [
                853,
                150
            ],
            "id": "RBRAC",
            "z_level": "0",
            "mapping": [
                853,
                275,
                65,
                65
            ],
            "code": 27
        },
        {
            "type": 1,
            "pos": [
                921,
                150
            ],
            "id": "BKSLSH",
            "z_level": "0",
            "mapping": [
                921,
                275,
                96,
                65
            ],
            "code": 43
        },
        {
            "type": 1,
            "pos": [
                1042,
                150
            ],
            "id": "DEL",
            "z_level": "0",
            "mapping": [
                1042,
                275,
                65,
                65
            ],
            "code": 3667
        },
        {
            "type": 1,
            "pos": [
                1110,
                150
            ],
            "id": "END",
            "z_level": "0",
            "mapping": [
                1110,
                275,
                65,
                65
            ],
            "code": 3663
        },
        {
            "type": 1,
            "pos": [
                1179,
                150
            ],
            "id": "PGDN",
            "z_level": "0",
            "mapping": [
                1179,
                275,
                65,
                65
            ],
            "code": 3665
        },
        {
            "type": 1,
            "pos": [
                1,
                220
            ],
            "id": "CAPS",
            "z_level": "0",
            "mapping": [
                1,
                425,
                115,
                65
            ],
            "code": 58
        },
        {
            "type": 1,
            "pos": [
                120,
                220
            ],
            "id": "a",
            "z_level": "0",
            "mapping": [
                120,
                425,
                65,
                65
            ],
            "code": 30
        },
        {
            "type": 1,
            "pos": [
                189,
                220
            ],
            "id": "s",
            "z_level": "0",
            "mapping": [
                189,
                425,
                65,
                65
            ],
            "code": 31
        },
        {
            "type": 1,
            "pos": [
                257,
                220
            ],
            "id": "d",
            "z_level": "0",
            "mapping": [
                257,
                425,
                65,
                65
            ],
            "code": 32
        },
        {
            "type": 1,
            "pos": [
                325,
                220
            ],
            "id": "f",
            "z_level": "0",
            "mapping": [
                325,
                425,
                65,
                65
            ],
            "code": 33
        },
        {
            "type": 1,
            "pos": [
                394,
                220
            ],
            "id": "g",
            "z_level": "0",
            "mapping": [
                394,
                425,
                65,
                65
            ],
            "code": 34
        },
        {
            "type": 1,
            "pos": [
                462,
                220
            ],
            "id": "h",
            "z_level": "0",
            "mapping": [
                462,
                425,
                65,
                65
            ],
            "code": 35
        },
        {
            "type": 1,
            "pos": [
                530,
                220
            ],
            "id": "j",
            "z_level": "0",
            "mapping": [
                530,
                425,
                65,
                65
            ],
            "code": 36
        },
        {
            "type": 1,
            "pos": [
                598,
                220
            ],
            "id": "k",
            "z_level": "0",
            "mapping": [
                598,
                425,
                65,
                65
            ],
            "code": 37
        },
        {
            "type": 1,
            "pos": [
                667,
                220
            ],
            "id": "l",
            "z_level": "0",
            "mapping": [
                667,
                425,
                65,
                65
            ],
            "code": 38
        },
        {
            "type": 1,
            "pos": [
                734,
                220
            ],
            "id": "SEMI",
            "z_level": "0",
            "mapping": [
                734,
                425,
                65,
                65
            ],
            "code": 39
        },
        {
            "type": 1,
            "pos": [
                801,
                220
            ],
            "id": "APOS",
            "z_level": "0",
            "mapping": [
                801,
                425,
                65,
                65
            ],
            "code": 40
        },
        {
            "type": 1,
            "pos": [
                869,
                220
            ],
            "id": "ENTER",
            "z_level": "0",
            "mapping": [
                869,
                425,
                148,
                65
            ],
            "code": 28
        },
        {
            "type": 1,
            "pos": [
                0,
                290
            ],
            "id": "SHIFT",
            "z_level": "0",
            "mapping": [
                0,
                570,
                149,
                65
            ],
            "code": 42
        },
        {
            "type": 1,
            "pos": [
                153,
                290
            ],
            "id": "z",
            "z_level": "0",
            "mapping": [
                153,
                571,
                65,
                65
            ],
            "code": 44
        },
        {
            "type": 1,
            "pos": [
                222,
                290
            ],
            "id": "x",
            "z_level": "0",
            "mapping": [
                222,
                571,
                65,
                65
            ],
            "code": 45
        },
        {
            "type": 1,
            "pos": [
                290,
                290
            ],
            "id": "c",
            "z_level": "0",
            "mapping": [
                290,
                571,
                65,
                65
            ],
            "code": 46
        },
        {
            "type": 1,
            "pos": [
                358,
                290
            ],
            "id": "v",
            "z_level": "0",
            "mapping": [
                358,
                571,
                65,
                65
            ],
            "code": 47
        },
        {
            "type": 1,
            "pos": [
                427,
                290
            ],
            "id": "b",
            "z_level": "0",
            "mapping": [
                427,
                571,
                65,
                65
            ],
            "code": 48
        },
        {
            "type": 1,
            "pos": [
                495,
                290
            ],
            "id": "n",
            "z_level": "0",
            "mapping": [
                495,
                571,
                65,
                65
            ],
            "code": 49
        },
        {
            "type": 1,
            "pos": [
                562,
                290
            ],
            "id": "m",
            "z_level": "0",
            "mapping": [
                562,
                571,
                65,
                65
            ],
            "code": 50
        },
        {
            "type": 1,
            "pos": [
                630,
                290
            ],
            "id": "COMMA",
            "z_level": "0",
            "mapping": [
                630,
                571,
                65,
                65
            ],
            "code": 51
        },
        {
            "type": 1,
            "pos": [
                699,
                290
            ],
            "id": "PERIOD",
            "z_level": "0",
            "mapping": [
                699,
                571,
                65,
                65
            ],
            "code": 52
        },
        {
            "type": 1,
            "pos": [
                766,
                290
            ],
            "id": "FWSLSH",
            "z_level": "0",
            "mapping": [
                766,
                571,
                65,
                65
            ],
            "code": 53
        },
        {
            "type": 1,
            "pos": [
                834,
                290
            ],
            "id": "RSHIFT",
            "z_level": "0",
            "mapping": [
                834,
                571,
                184,
                65
            ],
            "code": 54
        },
        {
            "type": 1,
            "pos": [
                1110,
                290
            ],
            "id": "UP",
            "z_level": "0",
            "mapping": [
                1110,
                571,
                65,
                65
            ],
            "code": 57416
        },
        {
            "type": 1,
            "pos": [
                1,
                360
            ],
            "id": "CTRL",
            "z_level": "0",
            "mapping": [
                1,
                710,
                97,
                65
            ],
            "code": 29
        },
        {
            "type": 1,
            "pos": [
                102,
                360
            ],
            "id": "WIN",
            "z_level": "0",
            "mapping": [
                102,
                710,
                82,
                65
            ],
            "code": 3675
        },
        {
            "type": 1,
            "pos": [
                188,
                360
            ],
            "id": "LALT",
            "z_level": "0",
            "mapping": [
                188,
                711,
                80,
                65
            ],
            "code": 56
        },
        {
            "type": 1,
            "pos": [
                272,
                360
            ],
            "id": "SPACE",
            "z_level": "0",
            "mapping": [
                272,
                710,
                389,
                65
            ],
            "code": 57
        },
        {
            "type": 1,
            "pos": [
                665,
                360
            ],
            "id": "RALT",
            "z_level": "0",
            "mapping": [
                665,
                710,
                80,
                65
            ],
            "code": 3640
        },
        {
            "type": 1,
            "pos": [
                749,
                360
            ],
            "id": "FN",
            "z_level": 0,
            "mapping": [
                749,
                710,
                82,
                65
            ],
            "code": 63
        },
        {
            "type": 1,
            "pos": [
                833,
                360
            ],
            "id": "MENU",
            "z_level": "0",
            "mapping": [
                833,
                710,
                82,
                65
            ],
            "code": 3677
        },
        {
            "type": 1,
            "pos": [
                919,
                360
            ],
            "id": "RCTRL",
            "z_level": "0",
            "mapping": [
                919,
                710,
                97,
                65
            ],
            "code": 3613
        },
        {
            "type": 1,
            "pos": [
                1043,
                360
            ],
            "id": "LEFT",
            "z_level": "0",
            "mapping": [
                1043,
                709,
                65,
                65
            ],
            "code": 57419
        },
        {
            "type": 1,
            "pos": [
                1111,
                360
            ],
            "id": "DOWN",
            "z_level": "0",
            "mapping": [
                1111,
                710,
                65,
                65
            ],
            "code": 57424
        },
        {
            "type": 1,
            "pos": [
                1178,
                360
            ],
            "id": "RIGHT",
            "z_level": "0",
            "mapping": [
                1178,
                710,
                65,
                65
            ],
            "code": 57421
        }
    ]
}