{
    "default_height": 128,
    "default_width": 157,
    "elements": [
        {
            "code": 16,
            "id": "q",
            "mapping": [
                1,
                1,
                157,
                128
            ],
            "pos": [
                137,
                133
            ],
            "type": 1,
            "z_level": 1
        },
        {
            "code": 17,
            "id": "w",
            "mapping": [
                161,
                1,
                157,
                128
            ],
            "pos": [
                274,
                133
            ],
            "type": 1,
            "z_level": 1
        },
        {
            "code": 18,
            "id": "e",
            "mapping": [
                321,
                1,
                157,
                128
            ],
            "pos": [
                411,
                133
            ],
            "type": 1,
            "z_level": 1
        },
        {
            "code": 42,
            "id": "shift",
            "mapping": [
                481,
                1,
                157,
                128
            ],
            "pos": [
                0,
                266
            ],
            "type": 1,
            "z_level": 1
        },
        {
            "code": 30,
            "id": "a",
            "mapping": [
                641,
                1,
                157,
                128
            ],
            "pos": [
                137,
                266
            ],
            "type": 1,
            "z_level": 1
        },
        {
            "code": 31,
            "id": "s",
            "mapping": [
                801,
                1,
                157,
                128
            ],
            "pos": [
                274,
                266
            ],
            "type": 1,
            "z_level": 1
        },
        {
            "code": 32,
            "id": "d",
            "mapping": [
                961,
                1,
                157,
                128
            ],
            "pos": [
                411,
                266
            ],
            "type": 1,
            "z_level": 1
        },
        {
            "code": 29,
            "id": "ctrl",
            "mapping": [
                1121,
                1,
                157,
                128
            ],
            "pos": [
                0,
                532
            ],
            "type": 1,
            "z_level": 1
        },
        {
            "code": 57,
            "id": "space",
            "mapping": [
                1301,
                1,
                421,
                128
            ],
            "pos": [
                157,
                532
            ],
            "type": 1,
            "z_level": 1
        },
        {
            "code": 15,
            "id": "tab",
            "mapping": [
                1,
                263,
                157,
                128
            ],
            "pos": [
                0,
                133
            ],
            "type": 1,
            "z_level": 1
        },
        {
            "code": 19,
            "id": "r",
            "mapping": [
                161,
                263,
                157,
                128
            ],
            "pos": [
                548,
                133
            ],
            "type": 1,
            "z_level": 1
        },
        {
            "code": 44,
            "id": "z",
            "mapping": [
                481,
                263,
                157,
                128
            ],
            "pos": [
                137,
                399
            ],
            "type": 1,
            "z_level": 1
        },
        {
            "code": 45,
            "id": "x",
            "mapping": [
                641,
                263,
                157,
                128
            ],
            "pos": [
                271,
                399
            ],
            "type": 1,
            "z_level": 1
        },
        {
            "code": 46,
            "id": "c",
            "mapping": [
                801,
                263,
                157,
                128
            ],
            "pos": [
                406,
                399
            ],
            "type": 1,
            "z_level": 1
        },
        {
            "code": 2,
            "id": "1",
            "mapping": [
                161,
                525,
                157,
                128
            ],
            "pos": [
                137,
                0
            ],
            "type": 1,
            "z_level": 1
        },
        {
            "code": 3,
            "id": "2",
            "mapping": [
                321,
                525,
                157,
                128
            ],
            "pos": [
                274,
                0
            ],
            "type": 1,
            "z_level": 1
        },
        {
            "code": 4,
            "id": "3",
            "mapping": [
                481,
                525,
                157,
                128
            ],
            "pos": [
                411,
                0
            ],
            "type": 1,
            "z_level": 1
        },
        {
            "code": 5,
            "id": "4",
            "mapping": [
                641,
                525,
                157,
                128
            ],
            "pos": [
                548,
                0
            ],
            "type": 1,
            "z_level": 1
        },
        {
            "code": 56,
            "id": "alt",
            "mapping": [
                961,
                525,
                157,
                128
            ],
            "pos": [
                0,
                399
            ],
            "type": 1,
            "z_level": 1
        }
    ],
    "flags": 0,
    "overlay_height": 666,
    "overlay_width": 715,
    "space_h": -20,
    "space_v": 5
}