{
    "default_width": 1342,
    "default_height": 389,
    "space_h": 0,
    "space_v": 0,
    "flags": 0,
    "overlay_width": 1342,
    "overlay_height": 389,
    "elements": [
        {
            "type": 1,
            "pos": [
                10,
                10
            ],
            "id": "ESCAPE",
            "z_level": "0",
            "mapping": [
                10,
                10,
                55,
                55
            ],
            "code": 1
        },
        {
            "type": 1,
            "pos": [
                126,
                10
            ],
            "id": "F1",
            "z_level": "0",
            "mapping": [
                126,
                10,
                55,
                55
            ],
            "code": 59
        },
        {
            "type": 1,
            "pos": [
                184,
                10
            ],
            "id": "F2",
            "z_level": "0",
            "mapping": [
                184,
                10,
                55,
                55
            ],
            "code": 60
        },
        {
            "type": 1,
            "pos": [
                242,
                10
            ],
            "id": "F3",
            "z_level": "0",
            "mapping": [
                242,
                10,
                55,
                55
            ],
            "code": 61
        },
        {
            "type": 1,
            "pos": [
                301,
                10
            ],
            "id": "F4",
            "z_level": "0",
            "mapping": [
                301,
                10,
                55,
                55
            ],
            "code": 62
        },
        {
            "type": 1,
            "pos": [
                389,
                10
            ],
            "id": "F5",
            "z_level": "0",
            "mapping": [
                389,
                10,
                55,
                55
            ],
            "code": 63
        },
        {
            "type": 1,
            "pos": [
                448,
                10
            ],
            "id": "F6",
            "z_level": "0",
            "mapping": [
                448,
                10,
                55,
                55
            ],
            "code": 64
        },
        {
            "type": 1,
            "pos": [
                506,
                10
            ],
            "id": "F7",
            "z_level": "0",
            "mapping": [
                506,
                10,
                55,
                55
            ],
            "code": 65
        },
        {
            "type": 1,
            "pos": [
                564,
                10
            ],
            "id": "F8",
            "z_level": "0",
            "mapping": [
                564,
                10,
                55,
                55
            ],
            "code": 66
        },
        {
            "type": 1,
            "pos": [
                653,
                10
            ],
            "id": "F9",
            "z_level": "0",
            "mapping": [
                653,
                10,
                55,
                55
            ],
            "code": 67
        },
        {
            "type": 1,
            "pos": [
                711,
                10
            ],
            "id": "F10",
            "z_level": "0",
            "mapping": [
                711,
                10,
                55,
                55
            ],
            "code": 68
        },
        {
            "type": 1,
            "pos": [
                769,
                10
            ],
            "id": "F11",
            "z_level": "0",
            "mapping": [
                769,
                10,
                55,
                55
            ],
            "code": 87
        },
        {
            "type": 1,
            "pos": [
                827,
                10
            ],
            "id": "F12",
            "z_level": "0",
            "mapping": [
                827,
                10,
                55,
                55
            ],
            "code": 88
        },
        {
            "type": 1,
            "pos": [
                907,
                10
            ],
            "id": "PRINTSCREEN",
            "z_level": "0",
            "mapping": [
                907,
                10,
                55,
                55
            ],
            "code": 3639
        },
        {
            "type": 1,
            "pos": [
                965,
                10
            ],
            "id": "SCROLL_LOCK",
            "z_level": "0",
            "mapping": [
                965,
                10,
                55,
                55
            ],
            "code": 70
        },
        {
            "type": 1,
            "pos": [
                1023,
                10
            ],
            "id": "PAUSE",
            "z_level": "0",
            "mapping": [
                1023,
                10,
                55,
                55
            ],
            "code": 3653
        },
        {
            "type": 1,
            "pos": [
                10,
                91
            ],
            "id": "BACKQUOTE",
            "z_level": "0",
            "mapping": [
                10,
                148,
                55,
                55
            ],
            "code": 43
        },
        {
            "type": 1,
            "pos": [
                68,
                91
            ],
            "id": "1",
            "z_level": "0",
            "mapping": [
                68,
                148,
                55,
                55
            ],
            "code": 2
        },
        {
            "type": 1,
            "pos": [
                126,
                91
            ],
            "id": "2",
            "z_level": "0",
            "mapping": [
                126,
                148,
                55,
                55
            ],
            "code": 3
        },
        {
            "type": 1,
            "pos": [
                184,
                91
            ],
            "id": "3",
            "z_level": "0",
            "mapping": [
                184,
                148,
                55,
                55
            ],
            "code": 4
        },
        {
            "type": 1,
            "pos": [
                242,
                91
            ],
            "id": "4",
            "z_level": "0",
            "mapping": [
                242,
                148,
                55,
                55
            ],
            "code": 5
        },
        {
            "type": 1,
            "pos": [
                301,
                91
            ],
            "id": "5",
            "z_level": "0",
            "mapping": [
                301,
                148,
                55,
                55
            ],
            "code": 6
        },
        {
            "type": 1,
            "pos": [
                359,
                91
            ],
            "id": "6",
            "z_level": "0",
            "mapping": [
                359,
                148,
                55,
                55
            ],
            "code": 7
        },
        {
            "type": 1,
            "pos": [
                417,
                91
            ],
            "id": "7",
            "z_level": "0",
            "mapping": [
                417,
                148,
                55,
                55
            ],
            "code": 8
        },
        {
            "type": 1,
            "pos": [
                475,
                91
            ],
            "id": "8",
            "z_level": "0",
            "mapping": [
                475,
                148,
                55,
                55
            ],
            "code": 9
        },
        {
            "type": 1,
            "pos": [
                533,
                91
            ],
            "id": "9",
            "z_level": "0",
            "mapping": [
                533,
                148,
                55,
                55
            ],
            "code": 10
        },
        {
            "type": 1,
            "pos": [
                591,
                91
            ],
            "id": "0",
            "z_level": "0",
            "mapping": [
                591,
                148,
                55,
                55
            ],
            "code": 11
        },
        {
            "type": 1,
            "pos": [
                650,
                91
            ],
            "id": "VC_MINUS (ß)",
            "z_level": "0",
            "mapping": [
                650,
                148,
                55,
                55
            ],
            "code": 26
        },
        {
            "type": 1,
            "pos": [
                708,
                91
            ],
            "id": "VC_EQUALS (´)",
            "z_level": "0",
            "mapping": [
                708,
                148,
                55,
                55
            ],
            "code": 27
        },
        {
            "type": 1,
            "pos": [
                766,
                91
            ],
            "id": "BACKSPACE",
            "z_level": "0",
            "mapping": [
                766,
                148,
                116,
                55
            ],
            "code": 14
        },
        {
            "type": 1,
            "pos": [
                907,
                91
            ],
            "id": "INSERT",
            "z_level": "0",
            "mapping": [
                907,
                148,
                55,
                55
            ],
            "code": 3666
        },
        {
            "type": 1,
            "pos": [
                965,
                91
            ],
            "id": "HOME",
            "z_level": "0",
            "mapping": [
                965,
                148,
                55,
                55
            ],
            "code": 3655
        },
        {
            "type": 1,
            "pos": [
                1023,
                91
            ],
            "id": "PAGE_UP",
            "z_level": "0",
            "mapping": [
                1023,
                148,
                55,
                55
            ],
            "code": 3657
        },
        {
            "type": 1,
            "pos": [
                1103,
                91
            ],
            "id": "NUM LOCK",
            "z_level": "0",
            "mapping": [
                1103,
                148,
                55,
                55
            ],
            "code": 69
        },
        {
            "type": 1,
            "pos": [
                1161,
                91
            ],
            "id": "KP_DIVIDE",
            "z_level": "0",
            "mapping": [
                1161,
                148,
                55,
                55
            ],
            "code": 3637
        },
        {
            "type": 1,
            "pos": [
                1219,
                91
            ],
            "id": "KP_MULTIPLY",
            "z_level": "0",
            "mapping": [
                1219,
                148,
                55,
                55
            ],
            "code": 55
        },
        {
            "type": 1,
            "pos": [
                1277,
                91
            ],
            "id": "KP_SUBTRACT",
            "z_level": "0",
            "mapping": [
                1277,
                148,
                55,
                55
            ],
            "code": 74
        },
        {
            "type": 1,
            "pos": [
                10,
                149
            ],
            "id": "TAB",
            "z_level": "0",
            "mapping": [
                10,
                264,
                85,
                56
            ],
            "code": 15
        },
        {
            "type": 1,
            "pos": [
                99,
                149
            ],
            "id": "Q",
            "z_level": "0",
            "mapping": [
                99,
                264,
                55,
                56
            ],
            "code": 16
        },
        {
            "type": 1,
            "pos": [
                157,
                149
            ],
            "id": "W",
            "z_level": "0",
            "mapping": [
                157,
                264,
                55,
                56
            ],
            "code": 17
        },
        {
            "type": 1,
            "pos": [
                215,
                149
            ],
            "id": "E",
            "z_level": "0",
            "mapping": [
                215,
                264,
                55,
                56
            ],
            "code": 18
        },
        {
            "type": 1,
            "pos": [
                273,
                149
            ],
            "id": "R",
            "z_level": "0",
            "mapping": [
                273,
                264,
                55,
                56
            ],
            "code": 19
        },
        {
            "type": 1,
            "pos": [
                331,
                149
            ],
            "id": "T",
            "z_level": "0",
            "mapping": [
                331,
                264,
                55,
                56
            ],
            "code": 20
        },
        {
            "type": 1,
            "pos": [
                389,
                149
            ],
            "id": "Z",
            "z_level": "0",
            "mapping": [
                389,
                264,
                55,
                56
            ],
            "code": 21
        },
        {
            "type": 1,
            "pos": [
                448,
                149
            ],
            "id": "U",
            "z_level": "0",
            "mapping": [
                448,
                264,
                55,
                56
            ],
            "code": 22
        },
        {
            "type": 1,
            "pos": [
                506,
                149
            ],
            "id": "I",
            "z_level": "0",
            "mapping": [
                506,
                264,
                55,
                56
            ],
            "code": 23
        },
        {
            "type": 1,
            "pos": [
                564,
                149
            ],
            "id": "O",
            "z_level": "0",
            "mapping": [
                564,
                264,
                55,
                56
            ],
            "code": 24
        },
        {
            "type": 1,
            "pos": [
                622,
                149
            ],
            "id": "P",
            "z_level": "0",
            "mapping": [
                622,
                264,
                55,
                56
            ],
            "code": 25
        },
        {
            "type": 1,
            "pos": [
                680,
                149
            ],
            "id": "OPEN_BRACKET (Ü)",
            "z_level": "0",
            "mapping": [
                680,
                264,
                55,
                56
            ],
            "code": 39
        },
        {
            "type": 1,
            "pos": [
                738,
                149
            ],
            "id": "CLOSE_BRACKET (+)",
            "z_level": "0",
            "mapping": [
                738,
                264,
                55,
                56
            ],
            "code": 13
        },
        {
            "type": 1,
            "pos": [
                907,
                149
            ],
            "id": "DELETE",
            "z_level": "0",
            "mapping": [
                907,
                264,
                55,
                56
            ],
            "code": 3667
        },
        {
            "type": 1,
            "pos": [
                965,
                149
            ],
            "id": "END",
            "z_level": "0",
            "mapping": [
                965,
                264,
                55,
                56
            ],
            "code": 3663
        },
        {
            "type": 1,
            "pos": [
                1023,
                149
            ],
            "id": "PAGE_DOWN",
            "z_level": "0",
            "mapping": [
                1023,
                264,
                55,
                56
            ],
            "code": 3665
        },
        {
            "type": 1,
            "pos": [
                1103,
                149
            ],
            "id": "KP_7",
            "z_level": "0",
            "mapping": [
                1103,
                264,
                55,
                56
            ],
            "code": 71
        },
        {
            "type": 1,
            "pos": [
                1161,
                149
            ],
            "id": "KP_8",
            "z_level": "0",
            "mapping": [
                1161,
                264,
                55,
                56
            ],
            "code": 72
        },
        {
            "type": 1,
            "pos": [
                1219,
                149
            ],
            "id": "KP_9",
            "z_level": "0",
            "mapping": [
                1219,
                264,
                55,
                56
            ],
            "code": 73
        },
        {
            "type": 1,
            "pos": [
                10,
                208
            ],
            "id": "CAPS_LOCK",
            "z_level": "0",
            "mapping": [
                10,
                382,
                101,
                55
            ],
            "code": 58
        },
        {
            "type": 1,
            "pos": [
                114,
                208
            ],
            "id": "A",
            "z_level": "0",
            "mapping": [
                114,
                382,
                55,
                55
            ],
            "code": 30
        },
        {
            "type": 1,
            "pos": [
                172,
                208
            ],
            "id": "S",
            "z_level": "0",
            "mapping": [
                172,
                382,
                55,
                55
            ],
            "code": 31
        },
        {
            "type": 1,
            "pos": [
                230,
                208
            ],
            "id": "D",
            "z_level": "0",
            "mapping": [
                230,
                382,
                55,
                55
            ],
            "code": 32
        },
        {
            "type": 1,
            "pos": [
                288,
                208
            ],
            "id": "F",
            "z_level": "0",
            "mapping": [
                288,
                382,
                55,
                55
            ],
            "code": 33
        },
        {
            "type": 1,
            "pos": [
                347,
                208
            ],
            "id": "G",
            "z_level": "0",
            "mapping": [
                347,
                382,
                55,
                55
            ],
            "code": 34
        },
        {
            "type": 1,
            "pos": [
                405,
                208
            ],
            "id": "H",
            "z_level": "0",
            "mapping": [
                405,
                382,
                55,
                55
            ],
            "code": 35
        },
        {
            "type": 1,
            "pos": [
                463,
                208
            ],
            "id": "J",
            "z_level": "0",
            "mapping": [
                463,
                382,
                55,
                55
            ],
            "code": 36
        },
        {
            "type": 1,
            "pos": [
                521,
                208
            ],
            "id": "K",
            "z_level": "0",
            "mapping": [
                521,
                382,
                55,
                55
            ],
            "code": 37
        },
        {
            "type": 1,
            "pos": [
                579,
                208
            ],
            "id": "L",
            "z_level": "0",
            "mapping": [
                579,
                382,
                55,
                55
            ],
            "code": 38
        },
        {
            "type": 1,
            "pos": [
                637,
                208
            ],
            "id": "SEMICOLON (Ö)",
            "z_level": "0",
            "mapping": [
                637,
                382,
                55,
                55
            ],
            "code": 41
        },
        {
            "type": 1,
            "pos": [
                695,
                208
            ],
            "id": "QUOTE (Ä)",
            "z_level": "0",
            "mapping": [
                695,
                382,
                55,
                55
            ],
            "code": 40
        },
        {
            "type": 1,
            "pos": [
                754,
                208
            ],
            "id": "BACK_SLASH (#)",
            "z_level": "0",
            "mapping": [
                754,
                382,
                55,
                55
            ],
            "code": 53
        },
        {
            "type": 1,
            "pos": [
                1103,
                208
            ],
            "id": "KP_4",
            "z_level": "0",
            "mapping": [
                1103,
                382,
                55,
                55
            ],
            "code": 75
        },
        {
            "type": 1,
            "pos": [
                1161,
                208
            ],
            "id": "KP_5",
            "z_level": "0",
            "mapping": [
                1161,
                382,
                55,
                55
            ],
            "code": 76
        },
        {
            "type": 1,
            "pos": [
                1219,
                208
            ],
            "id": "KP_6",
            "z_level": "0",
            "mapping": [
                1219,
                382,
                55,
                55
            ],
            "code": 77
        },
        {
            "type": 1,
            "pos": [
                10,
                266
            ],
            "id": "SHIFT_L",
            "z_level": "0",
            "mapping": [
                10,
                498,
                76,
                55
            ],
            "code": 42
        },
        {
            "type": 1,
            "pos": [
                89,
                266
            ],
            "id": "LESSER_GREATER",
            "z_level": "0",
            "mapping": [
                89,
                498,
                55,
                55
            ],
            "code": 3654
        },
        {
            "type": 1,
            "pos": [
                148,
                266
            ],
            "id": "Y",
            "z_level": "0",
            "mapping": [
                148,
                498,
                55,
                55
            ],
            "code": 44
        },
        {
            "type": 1,
            "pos": [
                206,
                266
            ],
            "id": "X",
            "z_level": "0",
            "mapping": [
                206,
                498,
                55,
                55
            ],
            "code": 45
        },
        {
            "type": 1,
            "pos": [
                264,
                266
            ],
            "id": "C",
            "z_level": "0",
            "mapping": [
                264,
                498,
                55,
                55
            ],
            "code": 46
        },
        {
            "type": 1,
            "pos": [
                322,
                266
            ],
            "id": "V",
            "z_level": "0",
            "mapping": [
                322,
                498,
                55,
                55
            ],
            "code": 47
        },
        {
            "type": 1,
            "pos": [
                380,
                266
            ],
            "id": "B",
            "z_level": "0",
            "mapping": [
                380,
                498,
                55,
                55
            ],
            "code": 48
        },
        {
            "type": 1,
            "pos": [
                438,
                266
            ],
            "id": "N",
            "z_level": "0",
            "mapping": [
                438,
                498,
                55,
                55
            ],
            "code": 49
        },
        {
            "type": 1,
            "pos": [
                497,
                266
            ],
            "id": "M",
            "z_level": "0",
            "mapping": [
                497,
                498,
                55,
                55
            ],
            "code": 50
        },
        {
            "type": 1,
            "pos": [
                555,
                266
            ],
            "id": "COMMA",
            "z_level": "0",
            "mapping": [
                555,
                498,
                55,
                55
            ],
            "code": 51
        },
        {
            "type": 1,
            "pos": [
                613,
                266
            ],
            "id": "PERIOD",
            "z_level": "0",
            "mapping": [
                613,
                498,
                55,
                55
            ],
            "code": 52
        },
        {
            "type": 1,
            "pos": [
                671,
                266
            ],
            "id": "SLASH (-)",
            "z_level": "0",
            "mapping": [
                671,
                498,
                55,
                55
            ],
            "code": 12
        },
        {
            "type": 1,
            "pos": [
                729,
                266
            ],
            "id": "SHIFT_R",
            "z_level": "0",
            "mapping": [
                729,
                498,
                153,
                55
            ],
            "code": 54
        },
        {
            "type": 1,
            "pos": [
                965,
                266
            ],
            "id": "UP",
            "z_level": "0",
            "mapping": [
                965,
                498,
                55,
                55
            ],
            "code": 57416
        },
        {
            "type": 1,
            "pos": [
                1103,
                266
            ],
            "id": "KP_1",
            "z_level": "0",
            "mapping": [
                1103,
                498,
                55,
                55
            ],
            "code": 79
        },
        {
            "type": 1,
            "pos": [
                1161,
                266
            ],
            "id": "KP_2",
            "z_level": "0",
            "mapping": [
                1161,
                498,
                55,
                55
            ],
            "code": 80
        },
        {
            "type": 1,
            "pos": [
                1219,
                266
            ],
            "id": "KP_3",
            "z_level": "0",
            "mapping": [
                1219,
                498,
                55,
                55
            ],
            "code": 81
        },
        {
            "type": 1,
            "pos": [
                10,
                324
            ],
            "id": "CONTROL_L",
            "z_level": "0",
            "mapping": [
                10,
                614,
                82,
                55
            ],
            "code": 29
        },
        {
            "type": 1,
            "pos": [
                95,
                324
            ],
            "id": "META_L",
            "z_level": "0",
            "mapping": [
                95,
                614,
                71,
                55
            ],
            "code": 3675
        },
        {
            "type": 1,
            "pos": [
                169,
                324
            ],
            "id": "ALT_L",
            "z_level": "0",
            "mapping": [
                169,
                614,
                70,
                55
            ],
            "code": 56
        },
        {
            "type": 1,
            "pos": [
                242,
                324
            ],
            "id": "SPACE",
            "z_level": "0",
            "mapping": [
                242,
                614,
                346,
                55
            ],
            "code": 57
        },
        {
            "type": 1,
            "pos": [
                591,
                324
            ],
            "id": "ALT_R",
            "z_level": "0",
            "mapping": [
                591,
                614,
                71,
                55
            ],
            "code": 3640
        },
        {
            "type": 1,
            "pos": [
                665,
                324
            ],
            "id": "META_R",
            "z_level": "0",
            "mapping": [
                665,
                614,
                70,
                55
            ],
            "code": 3676
        },
        {
            "type": 1,
            "pos": [
                738,
                324
            ],
            "id": "CONTEXT_MENU",
            "z_level": "0",
            "mapping": [
                738,
                614,
                71,
                55
            ],
            "code": 3677
        },
        {
            "type": 1,
            "pos": [
                812,
                324
            ],
            "id": "CONTROL_R",
            "z_level": "0",
            "mapping": [
                812,
                614,
                70,
                55
            ],
            "code": 3613
        },
        {
            "type": 1,
            "pos": [
                907,
                324
            ],
            "id": "LEFT",
            "z_level": "0",
            "mapping": [
                907,
                614,
                55,
                55
            ],
            "code": 57419
        },
        {
            "type": 1,
            "pos": [
                965,
                324
            ],
            "id": "DOWN",
            "z_level": "0",
            "mapping": [
                965,
                614,
                55,
                55
            ],
            "code": 57424
        },
        {
            "type": 1,
            "pos": [
                1023,
                324
            ],
            "id": "RIGHT",
            "z_level": "0",
            "mapping": [
                1023,
                614,
                55,
                55
            ],
            "code": 57421
        },
        {
            "type": 1,
            "pos": [
                1103,
                324
            ],
            "id": "KP_0",
            "z_level": "0",
            "mapping": [
                1103,
                614,
                113,
                55
            ],
            "code": 82
        },
        {
            "type": 1,
            "pos": [
                1219,
                324
            ],
            "id": "KP_SEPARATOR",
            "z_level": "0",
            "mapping": [
                1219,
                614,
                55,
                55
            ],
            "code": 83
        },
        {
            "type": 1,
            "pos": [
                796,
                149
            ],
            "id": "ENTER",
            "z_level": "0",
            "mapping": [
                10,
                752,
                86,
                114
            ],
            "code": 28
        },
        {
            "type": 1,
            "pos": [
                1277,
                149
            ],
            "id": "KP_ADD",
            "z_level": "0",
            "mapping": [
                99,
                752,
                55,
                114
            ],
            "code": 78
        },
        {
            "type": 1,
            "pos": [
                1277,
                266
            ],
            "id": "KP_ENTER",
            "z_level": "0",
            "mapping": [
                157,
                752,
                55,
                113
            ],
            "code": 3612
        }
    ]
}
